Workbook

Sheet Swift
A1: SwiftName

Sheet Kotlin
A1: KotlinName

Sheet Matrix
A1: SwiftName | B1: KotlinMatch | C1: Status | E1: KotlinName | F1: SwiftMatch | G1: Status
B2: =IFERROR(INDEX(Kotlin!$A:$A, MATCH(A2, Kotlin!$A:$A, 0)), "") -> 0 | C2: =IF(B2<>"", "MATCH", "IOS_ONLY") -> 0 | F2: =IFERROR(INDEX(Swift!$A:$A, MATCH(E2, Swift!$A:$A, 0)), "") -> 0 | G2: =IF(F2<>"", "MATCH", "KOTLIN_ONLY") -> 0
B3: =IFERROR(INDEX(Kotlin!$A:$A, MATCH(A3, Kotlin!$A:$A, 0)), "") -> 0 | C3: =IF(B3<>"", "MATCH", "IOS_ONLY") -> 0 | F3: =IFERROR(INDEX(Swift!$A:$A, MATCH(E3, Swift!$A:$A, 0)), "") -> 0 | G3: =IF(F3<>"", "MATCH", "KOTLIN_ONLY") -> 0
B4: =IFERROR(INDEX(Kotlin!$A:$A, MATCH(A4, Kotlin!$A:$A, 0)), "") -> 0 | C4: =IF(B4<>"", "MATCH", "IOS_ONLY") -> 0 | F4: =IFERROR(INDEX(Swift!$A:$A, MATCH(E4, Swift!$A:$A, 0)), "") -> 0 | G4: =IF(F4<>"", "MATCH", "KOTLIN_ONLY") -> 0
B5: =IFERROR(INDEX(Kotlin!$A:$A, MATCH(A5, Kotlin!$A:$A, 0)), "") -> 0 | C5: =IF(B5<>"", "MATCH", "IOS_ONLY") -> 0 | F5: =IFERROR(INDEX(Swift!$A:$A, MATCH(E5, Swift!$A:$A, 0)), "") -> 0 | G5: =IF(F5<>"", "MATCH", "KOTLIN_ONLY") -> 0
B6: =IFERROR(INDEX(Kotlin!$A:$A, MATCH(A6, Kotlin!$A:$A, 0)), "") -> 0 | C6: =IF(B6<>"", "MATCH", "IOS_ONLY") -> 0 | F6: =IFERROR(INDEX(Swift!$A:$A, MATCH(E6, Swift!$A:$A, 0)), "") -> 0 | G6: =IF(F6<>"", "MATCH", "KOTLIN_ONLY") -> 0
B7: =IFERROR(INDEX(Kotlin!$A:$A, MATCH(A7, Kotlin!$A:$A, 0)), "") -> 0 | C7: =IF(B7<>"", "MATCH", "IOS_ONLY") -> 0 | F7: =IFERROR(INDEX(Swift!$A:$A, MATCH(E7, Swift!$A:$A, 0)), "") -> 0 | G7: =IF(F7<>"", "MATCH", "KOTLIN_ONLY") -> 0
B8: =IFERROR(INDEX(Kotlin!$A:$A, MATCH(A8, Kotlin!$A:$A, 0)), "") -> 0 | C8: =IF(B8<>"", "MATCH", "IOS_ONLY") -> 0 | F8: =IFERROR(INDEX(Swift!$A:$A, MATCH(E8, Swift!$A:$A, 0)), "") -> 0 | G8: =IF(F8<>"", "MATCH", "KOTLIN_ONLY") -> 0
B9: =IFERROR(INDEX(Kotlin!$A:$A, MATCH(A9, Kotlin!$A:$A, 0)), "") -> 0 | C9: =IF(B9<>"", "MATCH", "IOS_ONLY") -> 0 | F9: =IFERROR(INDEX(Swift!$A:$A, MATCH(E9, Swift!$A:$A, 0)), "") -> 0 | G9: =IF(F9<>"", "MATCH", "KOTLIN_ONLY") -> 0
B10: =IFERROR(INDEX(Kotlin!$A:$A, MATCH(A10, Kotlin!$A:$A, 0)), "") -> 0 | C10: =IF(B10<>"", "MATCH", "IOS_ONLY") -> 0 | F10: =IFERROR(INDEX(Swift!$A:$A, MATCH(E10, Swift!$A:$A, 0)), "") -> 0 | G10: =IF(F10<>"", "MATCH", "KOTLIN_ONLY") -> 0
B11: =IFERROR(INDEX(Kotlin!$A:$A, MATCH(A11, Kotlin!$A:$A, 0)), "") -> 0 | C11: =IF(B11<>"", "MATCH", "IOS_ONLY") -> 0 | F11: =IFERROR(INDEX(Swift!$A:$A, MATCH(E11, Swift!$A:$A, 0)), "") -> 0 | G11: =IF(F11<>"", "MATCH", "KOTLIN_ONLY") -> 0
B12: =IFERROR(INDEX(Kotlin!$A:$A, MATCH(A12, Kotlin!$A:$A, 0)), "") -> 0 | C12: =IF(B12<>"", "MATCH", "IOS_ONLY") -> 0 | F12: =IFERROR(INDEX(Swift!$A:$A, MATCH(E12, Swift!$A:$A, 0)), "") -> 0 | G12: =IF(F12<>"", "MATCH", "KOTLIN_ONLY") -> 0
B13: =IFERROR(INDEX(Kotlin!$A:$A, MATCH(A13, Kotlin!$A:$A, 0)), "") -> 0 | C13: =IF(B13<>"", "MATCH", "IOS_ONLY") -> 0 | F13: =IFERROR(INDEX(Swift!$A:$A, MATCH(E13, Swift!$A:$A, 0)), "") -> 0 | G13: =IF(F13<>"", "MATCH", "KOTLIN_ONLY") -> 0
... B601: =IFERROR(INDEX(Kotlin!$A:$A, MATCH(A601, Kotlin!$A:$A, 0)), "") -> 0 | C601: =IF(B601<>"", "MATCH", "IOS_ONLY") -> 0 | F601: =IFERROR(INDEX(Swift!$A:$A, MATCH(E601, Swift!$A:$A, 0)), "") -> 0 | G601: =IF(F601<>"", "MATCH", "KOTLIN_ONLY") -> 0
